Country,2000,2001,2002,2003,2004,2005,2006,2007,2008,2009,2010,G2000,G2001,G2002,G2003,G2004,G2005,G2006,G2007,G2008,G2009,G2010
North America,118.46755,115.34801,117.04469,117.93194,120.71982,121.20333,120.76222,122.86815,120.10351,114.62372,118.34544,11018099079682,11344404036719,11718799179188,12382259767452,13273710802521,14234028121475,15141925145644,15910260777447,16229088365546,15761284017751,16541084496217
Bermuda,0.0075,0.00744,0.00752,0.00814,0.00869,0.00927,0.00922,0.01018,0.00981,0.00971,0.00955,3480219000,3680483000,3937228000,4186525000,4484703000,4868136000,5414299000,5895048000,6109928000,5806378000,5744414000
Canada,13.30484,12.87242,13.09648,13.52567,14.11424,14.17242,13.8183,14.02585,13.54625,13.09711,13.00072,724918860682,715423553719,734661951188,865873242452,992226099521,1133759985475,1278610846644,1424065729447,1502678437546,1337577639751,1577040082217
Greenland,0.00772,0.00796,0.00805,0.00809,0.00813,0.00829,0.00846,0.00826,0.00917,0.00893,0.00893,1068024993,1086170638,1169136691,1426452030,1644951892,1702543476,1738432116,2121759848,1739579593,1267711816,
Mexico,6.33194,6.29111,6.28657,6.41137,6.42585,6.73068,7.29561,7.5267,7.26255,6.94764,7.28397,692177614209,733461550751,750477694898,722164975397,774800766586,870215085180,966249852838,1043459078119,1099070673263,895354565566,1047368841686
Saint Pierre and Miquelon,0.00105,0.00096,0.00096,0.00105,0.00113,0.00117,0.00118,0.00122,0.00123,0.00122,0.00122,,,,,,,,,,,
United States,98.8145,96.16811,97.6451,97.97761,100.16178,100.28151,99.62944,101.29594,99.27451,94.55912,98.04105,10289700000000,10625300000000,10980200000000,11512200000000,12277000000000,13095400000000,13857900000000,14480300000000,14720300000000,14417900000000,14958300000000
Central & South America,20.79795,21.10569,21.09502,21.54205,22.48281,23.22909,24.34095,24.66038,25.7009,25.28353,26.86867,,,,,,,,,,,
Antarctica,0.00313,0.00318,0.00318,0.00327,0.00325,0.0035,0.0035,0.00337,0.00376,0.00339,0.00105,,,,,,,,,,,
Antigua and Barbuda,0.00725,0.00727,0.00732,0.00776,0.00836,0.00909,0.00927,0.00891,0.00973,0.00943,0.00941,787693391,778311556,806505874,849234753,905113766,1001970945,1141418339,1295824296,1354616665,1259082071,1161528615
Argentina,2.66876,2.61239,2.48186,2.66675,2.7809,2.95491,3.13524,3.27338,3.35163,3.30164,3.34874,284203750000,268696750000,102040286874,129597154256,153129509710,183193418481,214066154250,260768703249,326582808527,307155148184,368736062143
Aruba,0.01349,0.01353,0.01353,0.01442,0.01452,0.01487,0.01597,0.01461,0.01407,0.01449,0.01517,1873452513,1920262569,1941094972,2021301675,2228279329,2331005586,2421474860,2623726256,2791960893,2498932960,2467703910
"Bahamas, The",0.04749,0.0466,0.0469,0.0566,0.0572,0.0658,0.06591,0.06274,0.07109,0.04867,0.04867,6327552000,6516651000,6957996000,6949317000,7094413000,7706222000,7965588000,8318996000,8246650000,7820420000,7888087000
Barbados,0.02378,0.02293,0.02293,0.02335,0.01599,0.0216,0.0206,0.01865,0.01746,0.02054,0.0193,3119500000,3112350000,3168600000,3271200000,3509700000,3891500000,4314050000,4513250000,4541550000,4592650000,4433700000
Belize,0.01074,0.01431,0.01376,0.01409,0.01513,0.01598,0.01709,0.01752,0.01782,0.01193,0.0125,831750000,871840755,932676403,990350000,1057850000,1114200000,1217450000,1290550000,1369600000,1338500000,1397900000
Bolivia,0.16192,0.14481,0.157,0.19835,0.20213,0.20023,0.22594,0.23317,0.24958,0.22976,0.23258,8397858184,8141513292,7905485216,8082396525,8773451738,9549196255,11451845341,13120107687,16674276951,17339992165,19649724655
Brazil,8.53326,8.44866,8.55386,8.66412,8.99638,9.35596,9.69969,10.12882,10.33828,10.42654,11.29911,644701831101,553582178386,504221228974,552469288267,663760341880,882185702547,1088916819852,1366853244424,1653538618144,1620165226993,2143035333258
Cayman Islands,0.0049,0.00496,0.00496,0.00514,0.00551,0.00578,0.00657,0.00757,0.00925,0.00774,0.00778,,,,,,,,,,,
Chile,1.01272,1.04667,1.0647,1.11922,1.19658,1.27932,1.31642,1.0911,1.34684,1.29926,1.33341,79328640263,72336972322,70984568428,77840186384,100630707851,124404150138,154671012210,173081288190,179626662207,171956957320,217556229881
Colombia,1.17201,1.16349,1.16015,1.20249,1.21593,1.26835,1.31278,1.33293,1.34274,1.33538,1.36665,99886577575,98203544965,97933392356,94684582573,117074865515,146520136085,162773603929,207520149156,244056736297,234360070287,287000940839
Costa Rica,0.14104,0.14556,0.15333,0.15957,0.16397,0.16188,0.17481,0.18426,0.19038,0.18469,0.18718,15946443103,16403602943,16844378578,17517536016,18596365926,19964893807,22526464409,26321999607,29831164925,29382590137,36298327620
Cuba,0.45968,0.46595,0.46699,0.46354,0.51958,0.45093,0.35559,0.37219,0.35797,0.41463,0.39997,30565200000,31683300000,33590400000,35901500000,38202800000,42644200000,52742100000,58603500000,60806200000,62078610000,64328220000
Dominica,0.00148,0.00175,0.00191,0.00203,0.00188,0.0016,0.00195,0.00193,0.00204,0.00204,0.00214,324463833,330949849,326998081,340803912,366976849,361615917,382299140,418759930,462166696,481257770,471851098
Dominican Republic,0.23415,0.24458,0.25249,0.28608,0.27171,0.27188,0.28134,0.29372,0.29398,0.28108,0.28926,23996656675,24894907435,26570402718,21268012747,22163928096,33969724872,35965041793,41320700932,45796188394,46768400362,51748279416
Ecuador,0.34462,0.3609,0.36515,0.37612,0.3921,0.40707,0.44521,0.47334,0.57449,0.53288,0.56297,18327386415,24468324000,28548945000,32432859000,36591661000,41507085000,46802044000,51007777000,61762635000,62519686000,67513698000
El Salvador,0.10082,0.10523,0.10397,0.1135,0.11117,0.11716,0.12156,0.12288,0.12097,0.11837,0.12442,13134100000,13812700000,14306700000,15046700000,15798300000,17093800000,18550700000,20104900000,21431000000,20661000000,21418300000
Falkland Islands (Islas Malvinas),0.00039,0.0004,0.00044,0.00044,0.00048,0.00053,0.00057,0.00065,0.00068,0.00067,0.00067,,,,,,,,,,,
French Guiana,0.01369,0.01921,0.01969,0.02057,0.02019,0.021,0.02132,0.02097,0.0203,0.01847,0.02087,,,,,,,,,,,
Grenada,0.00181,0.00318,0.00345,0.00349,0.00352,0.00361,0.00381,0.00377,0.0039,0.00398,0.00397,523256354,523279846,544381961,596339088,600014340,700431791,704762535,763824454,832339701,775507460,783602099
Guadeloupe,0.02632,0.02679,0.02733,0.02931,0.02985,0.03126,0.03275,0.03631,0.03707,0.03188,0.03188,,,,,,,,,,,
Guatemala,0.15753,0.16974,0.1687,0.17628,0.19425,0.20438,0.20222,0.20965,0.19736,0.21336,0.21337,19290566570,18702820735,20776536919,21917565499,23965280312,27211230373,30231130542,34113106486,39136286496,37733791088,41338161799
Guyana,0.0229,0.02354,0.02393,0.02341,0.02101,0.02313,0.022,0.02186,0.02235,0.02256,0.02244,712667925,696281468,722460911,741929343,785918769,824880550,1458449057,1740335068,1922597806,2025565089,2259288026
Haiti,0.02408,0.02601,0.02652,0.02639,0.02686,0.02719,0.02785,0.02907,0.03579,0.03339,0.03097,3664503845,3507981945,3214632478,2826481071,3660483885,4154289832,4879738635,5971284337,6407707284,6470254240,6634579143
Honduras,0.08601,0.09293,0.09775,0.10039,0.10937,0.11675,0.12283,0.13443,0.13243,0.12509,0.13198,7105541205,7566501475,7776438040,8140284928,8772167983,9672095583,10841723354,12275493958,13789727209,14486137413,15729644901
Jamaica,0.14637,0.14699,0.15054,0.15637,0.15835,0.15258,0.17143,0.18033,0.17854,0.12778,0.12696,9008629729,9104515930,9718989516,9430236065,10173234921,11075778481,11903020643,12820055024,13676837630,12043372132,13202998397
Martinique,0.02815,0.02841,0.02879,0.03002,0.03085,0.03266,0.03259,0.03382,0.03016,0.03605,0.0361,,,,,,,,,,,
Montserrat,0.00075,0.00075,0.00075,0.00084,0.00092,0.00097,0.00106,0.00115,0.00117,0.00115,0.00115,,,,,,,,,,,
Netherlands Antilles,0.15593,0.15784,0.15109,0.14478,0.14548,0.15318,0.16036,0.16864,0.19364,0.17341,0.16436,385074626865,400654138702,437807265198,538312641083,609889925685,638470626274,677691901432,782566743038,870811147324,796333367137,772090789473
Nicaragua,0.05537,0.0591,0.06114,0.06242,0.06628,0.07106,0.07053,0.07157,0.07145,0.07015,0.07232,5107329009,5323146567,5224213018,5322437647,5795568202,6322582497,6786294613,7446636654,8254342299,8156131183,8586295846
Panama,0.20637,0.20344,0.20284,0.19682,0.2272,0.22021,0.2299,0.23553,0.23881,0.25028,0.27683,11620500000,11807500000,12272400000,12933200000,14179300000,15464700000,17137000000,19793700000,23001600000,24162900000,26589600000
Paraguay,0.42971,0.37938,0.39444,0.4241,0.41508,0.40976,0.42508,0.4253,0.4405,0.43597,0.43752,8195993191,7662594856,6325151820,6588103956,8033877459,8734651353,10662013294,13837525590,18504760911,15954961409,20028375553
Peru,0.52873,0.53776,0.54613,0.55734,0.58274,0.61903,0.67681,0.68496,0.76281,0.74815,0.84796,53290390318,53935760985,56772338815,61346725170,69725009964,79385073422,92432757798,107492226613,129537265753,130064300617,157609814184
Puerto Rico,0.44069,0.47836,0.48162,0.51986,0.53042,0.51355,0.51434,0.42645,0.44085,0.39426,0.43966,61702000000,69208000000,71624000000,74827000000,79209000000,82809000000,86157000000,88405000000,92605700000,95369800000,97147300000
Saint Kitts and Nevis,0.00145,0.00145,0.00145,0.00163,0.00179,0.00189,0.00249,0.00354,0.00355,0.00372,0.00372,,,,,,,,,,,
Saint Lucia,0.00471,0.00494,0.00504,0.00552,0.00533,0.00532,0.00548,0.00577,0.00603,0.00587,0.00587,,,,,,,,,,,
Saint Vincent/Grenadines,0.00269,0.00268,0.00284,0.00296,0.00318,0.00317,0.0031,0.00314,0.00316,0.00314,0.00317,,,,,,,,,,,
Suriname,0.02927,0.03074,0.032,0.03275,0.03364,0.03496,0.03608,0.03571,0.03577,0.03637,0.03585,892164363,763465570,1078402127,1271196078,1484092538,1793557833,2626093294,2936612021,3532969034,3875409836,4368007284
Trinidad and Tobago,0.42055,0.47354,0.49998,0.53889,0.59,0.67327,0.82112,0.82411,0.89599,0.85012,0.93624,8154315708,8824873155,9008273516,11235960523,12884712295,16088526685,18460905284,21735387008,28017710148,19251916757,20667611846
Turks and Caicos Islands,0.00039,0.00023,0.00018,0.00018,0.00017,0.00018,0.00017,0.001,0.00222,0.00226,0.00226,,,,,,,,,,,
Uruguay,0.16448,0.16221,0.16845,0.16337,0.14096,0.15679,0.14879,0.1778,0.18452,0.18958,0.21154,22823255805,20898788420,13606494599,12045627411,13686333821,17362872709,19579479147,23410536954,30366148247,30229404320,38846222984
Venezuela,2.76891,3.03054,2.93435,2.72196,2.93675,2.91656,3.15857,3.06615,3.22512,3.03864,3.32096,117147614565,122909734601,92889586976,83622191418,112451400422,145513489651,183477522123,230364012575,315600203539,329418979506,393807511437
"Virgin Islands,  U.S.",0.13864,0.19195,0.19075,0.22458,0.23458,0.22889,0.23891,0.21603,0.22305,0.2232,0.22814,,,,,,,,,,,
"Virgin Islands, British",0.00084,0.00084,0.00084,0.00097,0.00123,0.00132,0.00141,0.00153,0.0016,0.00157,0.00157,,,,,,,,,,,
Europe,81.52783,82.65567,82.51751,84.08542,85.94542,85.76249,86.31168,86.69852,85.64615,81.21917,83.82449,,,,,,,,,,,
Albania,0.09619,0.0916,0.09516,0.11449,0.11651,0.12092,0.11852,0.10319,0.10963,0.11511,0.12509,3686649387,4091020249,4449373455,5652325081,7464446950,8376483740,9132562332,10704661570,12968652890,12118580597,11858166294
Austria,1.38594,1.43983,1.45087,1.4705,1.50963,1.55066,1.53621,1.5442,1.53367,1.47479,1.52707,192070749953,191678678299,207537336721,253945776523,291430382497,304983601949,324954402044,375041784029,414171069689,383733743330,375217439473
Belgium,2.7338,2.70258,2.6794,2.78228,2.80785,2.77869,2.7376,2.73626,2.91486,2.65429,2.74807,232672747374,232485906040,252795031055,311689616252,361683211959,377350395463,399965627160,459618853659,507379060314,473254584680,468078947368
Bosnia and Herzegovina,0.22358,0.22112,0.2316,0.22736,0.25338,0.27251,0.27846,0.25997,0.29093,0.30239,0.32508,5505984455,5748990554,6651226179,8370020196,10022840634,10948051122,12400102623,15280615815,18543289394,17082889409,16775469777
Bulgaria,0.86773,0.90406,0.8746,0.88654,0.87492,0.91869,0.94058,0.84127,0.81712,0.72108,0.76948,12903546765,13868600709,15979194511,20668176833,25283228366,28895083539,33209188738,42113656147,51824892678,48568714011,47727325908
Croatia,0.3756,0.38411,0.37378,0.39311,0.40806,0.404,0.41504,0.3948,0.40653,0.38864,0.39557,21517784659,23052044812,26524896398,34143409062,41003558915,44821408830,49855078905,59335976948,69595272329,62244202546,58873839434
Cyprus,0.10312,0.1125,0.11064,0.11157,0.11762,0.11984,0.12625,0.12657,0.13154,0.12457,0.12146,9314937556,9679304970,10557366161,13319544758,15816972050,16997801392,18435765910,21841815680,25321517504,23542650736,23132450331
Czech Republic,1.40621,1.45203,1.45139,1.51756,1.51531,1.55617,1.58825,1.64613,1.61534,1.53063,1.59118,58807244367,64375288106,78425201660,95292530752,113976672924,130052420701,148345088495,180511237062,225448799062,197218205666,198475392670
Denmark,0.87642,0.88917,0.8576,0.89932,0.86591,0.84618,0.90184,0.88542,0.84197,0.79435,0.83053,160082517845,160476161868,173880831443,212621855882,244727978020,257675536234,274376889678,311417601998,343881383958,310544743670,313365836298
Faroe Islands,0.01022,0.01022,0.01049,0.0105,0.01068,0.01086,0.01172,0.0113,0.01139,0.01133,0.0109,,,,,,,,,,,
Finland,1.21661,1.22831,1.24334,1.31717,1.3526,1.26539,1.32564,1.35083,1.29482,1.20685,1.30311,121793808734,124642505592,135183512140,164256207674,189064585622,195777993334,207949409201,246127357186,271974219064,239382754295,235163157894
Former Czechoslovakia,--,--,--,--,--,--,--,--,--,--,--,,,,,,,,,,,
Former Serbia and Montenegro,0.6587,0.70203,0.77788,0.78073,0.79528,0.76979,--,--,--,--,--,,,,,,,,,,,
Former Yugoslavia,--,--,--,--,--,--,--,--,--,--,--,,,,,,,,,,,
France,10.95781,11.09223,11.00065,11.12078,11.40251,11.35578,11.3806,11.29532,11.29373,10.73373,11.02554,1326334899576,1338302818791,1452030303030,1792214221218,2055678853687,2136555489230,2255705477450,2582389733356,2831794045482,2619685000757,2548315434210
Germany,14.41007,14.76009,14.44915,14.70252,14.81923,14.42205,14.68168,14.22641,14.39583,13.52424,13.93671,1886401326699,1880894854586,2006587615283,2423814898419,2726341472500,2766253792966,2902748698160,3323807412152,3623686234298,3298219195018,3282894736842
"Germany, East",--,--,--,--,--,--,--,--,--,--,--,,,,,,,,,,,
"Germany, West",--,--,--,--,--,--,--,--,--,--,--,,,,,,,,,,,
Gibraltar,0.09355,0.05126,0.05216,0.0535,0.05489,0.05644,0.05775,0.05952,0.06104,0.06265,0.06368,,,,,,,,,,,
Greece,1.338,1.35539,1.35968,1.43748,1.42721,1.44302,1.4855,1.50936,1.47097,1.40269,1.3418,124418164455,129841697351,146050256230,192850219244,227950420085,240075690332,261713232775,305431771154,341593975533,321016154721,292304602598
Hungary,1.02243,1.05724,1.06097,1.08511,1.08542,1.15794,1.14796,1.12415,1.10717,1.03658,1.05124,46385589533,52720966883,66389489264,83538373060,101925734602,110321711572,112533152716,136102020866,154233541852,126631684032,127503279792
Iceland,0.1199,0.12267,0.12659,0.12829,0.12972,0.1306,0.14327,0.16695,0.20929,0.2039,0.20542,8697298233,7922983042,8907207933,10969898924,13251434311,16286323127,16651492783,20428232684,16832079676,12115478892,12564891657
Ireland,0.60027,0.62845,0.62447,0.61908,0.64429,0.66413,0.70269,0.70299,0.69324,0.62099,0.62811,97331522051,105166579627,123016253872,158730360073,186281307557,202577741640,222762911715,259574153791,264034092036,225442965634,208022028243
Italy,7.58182,7.62301,7.65325,7.90469,8.16668,8.07918,8.00936,8.03926,7.83857,7.35131,7.62586,1104009462562,1123702691037,1225176959595,1514503536381,1735521503771,1786275014006,1872982702430,2127180496503,2307311493054,2111148008711,2041954747600
Luxembourg,0.15384,0.16143,0.16988,0.17893,0.19745,0.20597,0.20346,0.1993,0.19594,0.18552,0.19874,20267551133,20196868008,22568793525,29144582392,34077095478,37643013480,42544669010,51320626630,54742739956,49420776474,51713947368
Macedonia,0.11505,0.10637,0.1066,0.1156,0.11805,0.11917,0.11709,0.11407,0.11367,0.1128,0.12055,3586883988,3436961384,3791306757,4756221628,5514253043,5985809059,6560546900,8159825620,9834038366,9313573964,9338665630
Malta,0.03919,0.0329,0.03939,0.03925,0.03973,0.04122,0.03904,0.04138,0.04255,0.08783,0.10438,3957418082,3917620727,4296164768,5119621569,5643525281,5980795755,6390123590,7513834699,8554293727,8099400960,8163841059
Montenegro,--,--,--,--,--,--,0.04016,0.03602,0.04311,0.03953,0.04752,984279596,1159891560,1284504508,1707662607,2073255525,2257181942,2696020574,3668857103,4519731946,4157852771,4114780573
Netherlands,3.79343,3.92944,3.93986,4.02199,4.13271,4.23416,4.14183,4.35459,4.14045,4.07681,4.2662,385074626865,400654138702,437807265198,538312641083,609889925685,638470626274,677691901432,782566743038,870811147324,796333367137,772090789473
Norway,1.98845,1.89297,1.94002,1.82,1.92523,2.0028,1.84424,1.97706,1.94232,1.89931,1.86836,168288531891,170922851073,191927027230,224880794327,260029106207,304060069848,340041912703,393479162081,453885460992,378849392446,421236092715
Poland,3.62445,3.45492,3.45339,3.57188,3.74765,3.67445,3.85182,3.91829,3.89067,3.78329,4.05529,171276118424,190420870074,198179425151,216800888642,252768998589,303912247950,341669943593,425321502150,529432301178,430917310342,469736810690
Portugal,1.07048,1.08598,1.08306,1.11732,1.11244,1.12608,1.1019,1.12765,1.06227,1.0649,1.12574,117299520913,120332080536,132285714285,161931941309,185397304327,191847858528,201790398436,231741573802,251925293880,234119384365,227446710526
Romania,1.58611,1.71549,1.68366,1.63078,1.68956,1.6655,1.67453,1.66212,1.64164,1.41096,1.42516,37052636395,40180746113,45824529874,59507345650,75489440362,98913392471,122641508767,169282491900,204335225693,164345718689,164435979735
Serbia,--,--,--,--,--,--,0.77822,0.76824,0.74762,0.74543,0.77456,6082791506,11390468618,15102567924,19550781969,23649854234,25234408772,29221081586,38952093544,47760580365,40249479880,36990001283
Slovakia,0.78498,0.82957,0.84408,0.82019,0.80533,0.83036,0.81948,0.79151,0.80208,0.72467,0.77205,,,,,,,,,,,
Slovenia,0.29282,0.29895,0.30204,0.30098,0.31417,0.3193,0.31761,0.31862,0.33989,0.30802,0.30953,19979467790,20498926980,23136352386,29152072067,33837749815,35717733757,38945146499,47306799054,54606018255,49056152691,46908328071
Spain,5.54154,5.78945,5.83067,6.13748,6.34354,6.44556,6.4938,6.76091,6.52779,6.10063,6.23946,580345494748,608856375838,686295878035,883839729119,1044612070303,1130798885738,1236352163544,1441426534070,1593420002197,1454336570613,1375815789473
Sweden,2.27081,2.40492,2.27707,2.16972,2.30924,2.33275,2.21398,2.28591,2.22166,2.05075,2.22204,247260155857,227359498891,250960758336,314713404152,362089648912,370579639747,399075661572,462512853670,486158607819,405782994635,462903051317
Switzerland,1.29678,1.35071,1.28496,1.30302,1.31289,1.26341,1.28603,1.3027,1.31995,1.2873,1.26518,256042925982,262647169329,286658255888,334574926429,374224186243,384753967478,405183914852,450528109859,524289203562,509467163036,550638974461
Turkey,3.16279,2.89384,3.14597,3.31735,3.51199,3.73432,4.07083,4.4552,4.29029,4.29655,4.48981,266567531989,196005288838,232534560774,303005302818,392166274991,482979839237,530900095204,647155133931,730337495966,614553921823,731144392556
United Kingdom,9.72914,9.88082,9.93318,9.97834,10.02772,9.84463,9.72876,9.56105,9.28664,8.78475,8.91401,1493628385534,1485147545703,1620900779376,1875141224489,2220820974770,2321359350397,2483008793218,2857080828857,2687796663762,2208002878867,2285561538461
Eurasia,39.18995,38.86752,40.23104,41.64453,42.91998,43.00702,42.59499,44.02493,45.06215,40.37198,42.83648,,,,,,,,,,,
Armenia,0.16247,0.1646,0.16393,0.17541,0.18063,0.20159,0.2038,0.22112,0.21598,0.20127,0.21196,1911563665,2118467913,2376335048,2807061008,3576615240,4900436758,6384457744,9206277478,11662017844,8648015304,9260297329
Azerbaijan,0.52002,0.52053,0.59178,0.60157,0.63699,0.65892,0.69878,0.59244,0.71848,0.56673,0.55567,5272617196,5707618246,6236024951,7275766111,8680511918,13245421880,20982270733,33049380917,48852482960,44291490420,52905998878
Belarus,1.05214,0.96268,0.90747,0.98457,0.95177,1.12403,1.15433,1.15134,1.12029,1.05118,1.13123,12736856485,12354820143,14594925392,17825436034,23141587717,30210091836,36961918858,45275711995,60763483146,49271267252,55220932613
Estonia,0.19633,0.2039,0.2034,0.22366,0.23265,0.23315,0.22655,0.23105,0.22402,0.19773,0.22299,5675174661,6237914200,7318186726,9840743037,12025943709,13905561150,16798495347,21993658963,23781539698,19406626721,18909381436
Former U.S.S.R.,--,--,--,--,--,--,--,--,--,--,--,,,,,,,,,,,
Georgia,0.13752,0.12619,0.14833,0.13288,0.1357,0.15153,0.13936,0.16648,0.1737,0.17753,0.19191,3057453460,3219487823,3395778661,3991374539,5125273877,6411147323,7761900179,10172260738,12799337249,10766836276,11638236642
Kazakhstan,1.83351,1.93523,1.99277,1.82516,2.18332,2.23411,2.37702,2.38347,2.36741,2.14318,2.25517,18291990619,22152689129,24636598581,30833692831,43151647002,57123671733,81003864915,104849915343,133441649221,115308687201,148052371903
Kyrgyzstan,0.24136,0.22777,0.19289,0.20385,0.21189,0.21021,0.21543,0.20304,0.17757,0.20701,0.20166,,,,,,,,,,,
Latvia,0.15412,0.16092,0.154,0.16071,0.17574,0.18543,0.18448,0.17261,0.16337,0.16488,0.16082,7833068425,8313047743,9314784080,11186452600,13761569544,16041840426,19935046397,28765687041,33669367720,25875781250,24009680459
Lithuania,0.2973,0.31679,0.34054,0.35264,0.35316,0.35257,0.35277,0.38586,0.37472,0.32429,0.26217,11434200000,12159225000,14163949141,18608709856,22551543054,25962254180,30088510798,39103973050,47252926428,36846183172,36306384146
Moldova,0.11014,0.10728,0.11896,0.1305,0.12268,0.1293,0.13827,0.12851,0.13351,0.11866,0.1186,1288420222,1480656884,1661818168,1980901553,2598231467,2988172424,3408454197,4402495921,6054806100,5439422031,5811622393
Russia,26.13934,25.70645,26.66264,27.4133,28.14579,27.92219,27.68692,28.69019,29.63247,27.68958,29.32178,259708496267,306602673980,345110438693,430347770733,591016690742,764000901160,989930542278,1299705764824,1660846387626,1222648134225,1524916698233
Tajikistan,0.23909,0.24705,0.25201,0.27054,0.27419,0.28425,0.28025,0.27243,0.25661,0.18682,0.19051,860550294,1080774005,1221113794,1554125542,2076148710,2312319579,2830236053,3719497371,5161336170,4979481980,5642221528
Turkmenistan,0.40112,0.50227,0.58452,0.75923,0.80707,0.83243,0.84142,0.89993,0.93194,0.88651,0.92312,2904662604,3534771968,4462028988,5977440582,6838351088,8104355716,10277598152,12664165103,19271445266,20214456140,22148070175
Ukraine,5.75077,5.64106,5.82163,6.2826,6.25436,6.32588,5.86877,6.29988,6.22468,4.45821,5.09354,31261527363,38009344576,42392896031,50132953288,64883060725,86142018069,107753069306,142719009900,179992405832,117227769791,136418622767
Uzbekistan,1.95472,2.04481,2.09616,2.12792,2.25405,2.1614,2.22683,2.22658,2.34739,1.99839,1.99535,13760374487,11401351420,9687951055,10128112401,12030023547,14307509838,17030896203,22311393927,27934030937,32816828372,39332771014
Middle East,17.35068,17.97316,19.01498,19.81524,20.96458,22.8694,23.94168,23.94363,26.09924,27.44746,28.73368,,,,,,,,,,,
Bahrain,0.36474,0.37722,0.39762,0.40773,0.41884,0.44726,0.48868,0.51317,0.53474,0.54327,0.55759,7970690894,7928934209,8491183200,9747599583,11235671061,13460198289,15854942950,18473097688,21902892583,19318822540,25713571420
Iran,5.02081,5.38611,5.88847,6.1875,6.40678,7.33526,7.67976,7.89703,8.09856,9.04268,9.10777,101286514977,115438386681,116420833373,135409681532,163226579221,192014940324,222880533511,286057933325,355988367221,362661111280,422567967404
Iraq,1.08419,1.13411,1.14428,1.0122,1.12508,1.23888,1.22646,1.30916,1.34034,1.45744,1.50018,25857106735,18936094867,18969591211,,25509364916,36743640204,65141035027,88837727881,131611819294,111659988888,135488471367
Israel,0.81131,0.87409,0.84092,0.85309,0.8555,0.87197,0.88416,0.91127,0.83252,0.87707,0.94537,124895151203,122940533086,112974376292,118673283414,126571173583,133959001782,145479599622,167111803510,201661649944,194866363197,231674511901
Jordan,0.22545,0.2202,0.23062,0.25148,0.27821,0.29423,0.30837,0.30975,0.30782,0.31309,0.32667,8457923945,8972965061,9580161951,10193023726,11407566660,12582876895,15056937190,17110610000,21971835255,23820013058,26425379366
Kuwait,0.90963,0.88264,0.88761,0.96046,1.00698,1.14679,1.13313,1.12475,1.16169,1.21498,1.28347,37718011468,34890773740,38138801497,47875837662,59440511981,80797945205,101561153806,114721830985,147402413798,105911338608,119934674734
Lebanon,0.23433,0.22499,0.22859,0.23803,0.22844,0.21854,0.19424,0.17922,0.18233,0.28324,0.27604,17260364842,17649751243,19152238805,20082918739,21789054726,21860696517,22438474295,25056716417,30079601990,34650746268,37124378109
Oman,0.34089,0.34692,0.36024,0.3566,0.38096,0.48045,0.55125,0.58188,0.68767,0.75002,0.86701,19867880550,19949284974,20049414986,21542262852,24673602279,30905071770,36803641389,41901170688,60566970579,46866060195,58813004375
Palestinian Territories,0.01978,0.0266,0.02469,0.02643,0.04029,0.04934,0.05351,0.05453,0.05852,0.04525,0.04585,,,,,,,,,,,
Qatar,0.64476,0.5025,0.5271,0.58437,0.70528,0.88637,0.95057,0.99146,1.01462,1.08657,1.10456,17759889598,17538461033,19363735705,23533790530,31675273812,43040108649,60496701553,79546975729,115019776904,97583513671,125122249141
Saudi Arabia,4.85276,5.1387,5.38353,5.76125,6.20771,6.52548,6.8456,6.18472,7.45005,7.22524,7.84894,188441864874,183012268441,188551196398,214572800000,258742133333,328459608764,376900133511,415909018143,519796800000,429097866666,526811466666
Syria,0.78206,0.76222,0.8197,0.82694,0.84518,0.80437,0.80649,0.80705,0.81778,0.9479,1.03228,19325894913,21099833783,21582248881,21828144686,25086930693,28858965517,33332844574,40405006007,52581913978,53934534350,59147033451
United Arab Emirates,1.8663,1.89112,2.05573,2.1047,2.21903,2.31365,2.53901,2.82421,3.29263,3.37142,3.53612,104337375342,103311643522,109816204634,124346361618,147824374542,180617023539,222105928740,258150041410,314844665222,270334929437,287421927883
Yemen,0.19367,0.20573,0.22587,0.24444,0.2463,0.25679,0.28046,0.25545,0.31997,0.28928,0.30183,9636342274,9854042164,10693278291,11777768086,13873500887,16753787028,18941303849,21596088517,26869018825,24581907773,31883409718
Africa,12.03873,12.62643,12.7111,13.34942,13.95348,14.48942,14.58177,14.99456,16.07699,15.92452,16.32675,,,,,,,,,,,
Algeria,1.23857,1.25615,1.27659,1.2927,1.26393,1.48134,1.54318,1.61954,1.72123,1.7988,1.79829,54790058957,54744716706,56760288961,67863832648,85324997369,103198650297,117026655313,134977867931,171000162581,137211795394,161207304960
Angola,0.09094,0.1193,0.12741,0.13525,0.14463,0.14764,0.1659,0.1862,0.19718,0.20883,0.23924,9129594818,8936079252,12497346042,14188949239,19640862549,28233699240,41789494461,60448890972,84178086998,75492417649,82470894868
Benin,0.02426,0.02449,0.02594,0.03053,0.03556,0.03725,0.04391,0.04767,0.05264,0.06582,0.07364,2359122302,2499269391,2807657386,3557229701,4050869967,4358015992,4705087452,5506275948,6633561835,6585134688,6558416322
Botswana,0.05755,0.05139,0.05201,0.05007,0.05715,0.06134,0.06223,0.06069,0.06339,0.06514,0.0743,5788311645,5489646902,5438856515,7511538764,8957491784,9931223496,10126990487,10939028155,11113042238,10106837286,13746712705
Burkina Faso,0.01662,0.01662,0.01729,0.01803,0.01832,0.01877,0.01862,0.02082,0.02012,0.02564,0.02599,2610959139,2812845486,3205592273,4205691121,4838551014,5462709054,5844669738,6755823932,8350710389,8348156389,9209288383
Burundi,0.00658,0.00712,0.00727,0.00729,0.00667,0.00664,0.00644,0.00615,0.00406,0.00439,0.00468,870486065,876794723,825394484,784654423,915257323,1117254387,1273180655,1356078300,1611634286,1739781535,2026864414
Cameroon,0.08132,0.08165,0.07808,0.08387,0.08674,0.08577,0.09881,0.09902,0.10565,0.10857,0.12487,9287367568,9633109256,10879778327,13621809574,15775356736,16587921220,17953103008,20431779033,23735537026,22165009362,22493301699
Cape Verde,0.00318,0.00214,0.00228,0.00227,0.00433,0.00373,0.0042,0.00493,0.00507,0.00552,0.00552,604760392,624141912,679340246,891375823,1022562771,1090445839,1236876851,1513934037,1789332787,1711816592,1664310632
Central African Republic,0.00539,0.00549,0.00565,0.00567,0.00577,0.00565,0.00592,0.00633,0.00647,0.00609,0.00609,914500331,931833293,991387865,1139754771,1270080228,1350300947,1473721520,1698125679,1985370254,1981728179,1986014759
Chad,0.00278,0.00284,0.00293,0.00293,0.00272,0.00302,0.00325,0.00379,0.00362,0.00364,0.00364,1385058211,1709347776,1987622268,2736666450,4414929142,6646663021,7422102519,8638711756,10351933631,9253484289,10657705072
Comoros,0.00136,0.00141,0.00146,0.00147,0.00151,0.00161,0.00163,0.00204,0.00214,0.00214,0.00186,201899883,220115655,251162420,324470868,362420483,387036131,403179474,464948879,530131963,535199685,543376206
Congo (Brazzaville),0.01302,0.016,0.0154,0.01722,0.01848,0.02482,0.02843,0.03386,0.03906,0.04784,0.06727,,,,,,,,,,,
Congo (Kinshasa),0.09171,0.08267,0.07982,0.08113,0.09578,0.09882,0.1004,0.10656,0.10331,0.10511,0.11299,,,,,,,,,,,
Cote dIvoire (IvoryCoast),0.13277,0.10998,0.10706,0.10877,0.11505,0.11335,0.114,0.11957,0.13429,0.12995,0.12381,,,,,,,,,,,
Djibouti,0.02465,0.02502,0.02506,0.02559,0.0259,0.02565,0.02374,0.02319,0.01642,0.01667,0.01667,551230861,572417440,591122039,622044665,666072101,708633194,768873684,847918929,,,
Egypt,2.0052,2.22517,2.25765,2.43298,2.58248,2.68931,2.53821,2.70984,3.1936,3.20306,3.30724,99838540997,97632008050,87850680572,82923680621,78845185709,89685724889,107484034648,130477817194,162818181818,188984088127,218887812549
Equatorial Guinea,0.00433,0.00354,0.04942,0.05064,0.0059,0.05036,0.05045,0.0588,0.05765,0.06384,0.06934,1242848857,1736116148,2146760313,2952359369,5240842261,8217368425,7765111493,10304490483,15471010922,10356293894,12261420852
Eritrea,0.00888,0.01052,0.00977,0.01103,0.01037,0.01036,0.01035,0.00973,0.01108,0.00714,0.00701,706370812,752368494,729321364,870247701,1109054002,1098425899,1211161879,1317974493,1380188800,1856695550,2117039510
Ethiopia,0.06451,0.06956,0.0745,0.08134,0.08518,0.09097,0.10302,0.11177,0.13166,0.13029,0.13678,8098332674,8087434751,7713652567,8473013232,9954110936,12184372696,15013683854,18991907676,25608626476,28194270371,26311310604
Gabon,0.03684,0.0382,0.03796,0.03898,0.0393,0.03826,0.04223,0.04342,0.05311,0.04194,0.04543,5067865502,4712849279,4931503836,6054883172,7178135606,8665736617,9545982814,11570860872,15685389826,12031268402,14507032805
"Gambia, The",0.00365,0.00392,0.00401,0.00406,0.00408,0.00423,0.00453,0.00559,0.00583,0.00623,0.00677,782913866,687410628,578235309,487038678,578785600,624173996,655068112,798869805,965771303,900629372,951805801
Ghana,0.14286,0.1419,0.13071,0.12545,0.14495,0.14937,0.15015,0.13327,0.14904,0.17244,0.19467,4982849054,5314871683,6166197191,7632720680,8881419348,10731883141,20410239313,24757608488,28528016511,25978563316,32174210792
Guinea,0.02176,0.02345,0.02392,0.02207,0.02363,0.02358,0.02306,0.02344,0.02427,0.02445,0.02447,2995360969,2833442750,2949637039,3446442218,3666349049,2937072009,2821346683,4134173271,4515824643,4609923720,4735956475
Guinea-Bissau,0.00485,0.0049,0.00508,0.00521,0.00518,0.00538,0.00533,0.00551,0.00547,0.00557,0.00557,361858968,384270399,406669723,465414407,522651787,572853553,578517348,690721769,842890956,832530156,835390892
Kenya,0.14224,0.14413,0.14934,0.16118,0.16875,0.18298,0.20102,0.2022,0.18836,0.19759,0.21986,12705350153,12985991722,13147736954,14904504019,16095321630,18737895400,22504136042,27236739895,30465489796,30580367979,32198151217
Lesotho,0.00588,0.00598,0.00615,0.00635,0.00595,0.00662,0.00531,0.00566,0.00587,0.00552,0.00993,771200632,706430933,656802669,969181550,1234197704,1368405301,1428842600,1597484735,1630667593,1716836000,2203835214
Liberia,0.00616,0.00652,0.00705,0.00727,0.00735,0.00745,0.00858,0.00942,0.00844,0.00775,0.00753,529064646,514999999,536000000,409000000,466999999,541999999,604028581,739026892,850040458,1155146229,1292696475
Libya,0.62988,0.66709,0.69699,0.68428,0.75794,0.77201,0.73147,0.75824,0.73771,0.77865,0.83996,33896600870,28420321951,19842519685,24062500000,33384615384,44000000000,56484375000,71803278688,93167701863,62360446570,
Madagascar,0.03093,0.03335,0.03755,0.03941,0.04278,0.04156,0.04108,0.04182,0.04563,0.03285,0.03292,3877673634,4529575232,4397254714,5474030227,4363934416,5038577519,5515236338,7342905883,9394330368,8589560142,8837041787
Malawi,0.02275,0.02291,0.02391,0.0244,0.02697,0.02836,0.02907,0.02984,0.03121,0.02984,0.03061,1743506286,1716502069,2665158942,2424656666,2625127097,2754995876,3116789657,3647817218,4276769712,5030639934,5398616984
Mali,0.01023,0.01029,0.01102,0.0111,0.01144,0.0125,0.01163,0.01188,0.01243,0.01239,0.01256,2422482317,2629739067,3342824259,4362439886,4874178417,5305317554,6122644014,7145394015,8737687352,8964480570,9422267259
Mauritania,0.04976,0.04976,0.04748,0.04879,0.04151,0.04908,0.04206,0.03878,0.0438,0.02784,0.0279,1293653473,1295536829,1324424463,1563072653,1833445283,2184444848,3040718540,3356758533,3790240830,3027020111,3671380305
Mauritius,0.05334,0.05851,0.05433,0.0567,0.05767,0.06037,0.06368,0.06784,0.06984,0.06384,0.0668,4582562397,4536544699,4767303153,5609836353,6385691315,6283796155,6731536244,7792063566,9641077098,8834661042,9718331362
Morocco,0.44701,0.4813,0.48821,0.49124,0.4923,0.49773,0.51652,0.52846,0.59814,0.64331,0.67296,37020609824,37724674865,40416114690,49822651701,56948015336,59523857868,65637107776,75226318359,88882967741,90908402631,90770671431
Mozambique,0.10073,0.13093,0.13324,0.13221,0.14246,0.15798,0.17698,0.18214,0.16984,0.18321,0.18078,4310090791,4075049537,4201332885,4666197195,5697991241,6578515331,7095910827,8035635713,9891003404,9674037707,9274448731
Namibia,0.0415,0.04742,0.0503,0.05393,0.0569,0.05861,0.0626,0.06488,0.0726,0.06967,0.06538,3908598123,3546795054,3361241961,4931293712,6606970842,7261301442,7978676469,8811608766,8829927125,8859203056,11065912279
Niger,0.01511,0.0155,0.01645,0.01691,0.0182,0.01724,0.0169,0.01752,0.01325,0.01809,0.01834,1798374532,1945327545,2170481497,2731416281,3052898685,3405134555,3646727993,4291363546,5403364453,5397121962,5718589550
Nigeria,0.80941,0.91104,0.93475,0.97853,0.98351,1.08137,1.02946,0.98637,1.0381,0.67651,0.72951,46385996027,44138014092,59116868249,67655840108,87845403978,112248324602,145429802541,166451202370,208064724514,169481270114,229507890739
Reunion,0.04413,0.04593,0.04587,0.04595,0.04641,0.04728,0.0478,0.04898,0.05047,0.05208,0.05203,,,,,,,,,,,
Rwanda,0.01234,0.01233,0.01248,0.01278,0.01204,0.01248,0.01237,0.01108,0.0113,0.01213,0.01219,1734938190,1674685125,1677447003,1845979351,2089188920,2581286406,3111191405,3738146668,4711735377,5252677064,5624506157
Saint Helena,0.00031,0.00018,0.00018,0.00018,0.00013,0.00018,0.00016,0.00018,0.00014,0.00013,0.00013,,,,,,,,,,,
Sao Tome and Principe,0.00138,0.00132,0.00139,0.0014,0.00138,0.00141,0.00158,0.00194,0.00196,0.00196,0.00195,76709304,76460376,90713303,97994011,106764253,113808749,124184906,144259256,183464986,196473838,201037916
Senegal,0.06366,0.06364,0.06656,0.0685,0.07829,0.08372,0.0858,0.08716,0.06495,0.08611,0.08664,4679604921,4877602012,5333862343,6858952716,8031344239,8707015063,9358710763,11284603480,13386346542,12812994669,12932427724
Seychelles,0.0081,0.00835,0.01215,0.01185,0.01228,0.01209,0.016,0.01338,0.01472,0.01593,0.01342,614877971,618433500,698083344,703096502,839319935,919103261,1016419769,1033635773,967211974,847424851,969973774
Sierra Leone,0.01335,0.01366,0.01389,0.01421,0.01682,0.01674,0.01659,0.01786,0.02122,0.01985,0.02034,635874002,1079478387,1239004287,1371442565,1431208677,1627853086,1887429109,2157944721,2504381637,2454531383,2575466372
Somalia,0.00998,0.00998,0.00998,0.01009,0.00996,0.0101,0.01059,0.01194,0.01138,0.01125,0.01125,,,,,,,,,,,
South Africa,4.58373,4.64708,4.53578,4.87605,5.21505,5.12043,5.28755,5.41603,5.72952,5.62826,5.59303,132877640157,118478986832,111100858130,168219325183,219092936699,247051562311,261007039378,286171830700,273141750192,283985548070,363240728680
Sudan and South Sudan,0.10796,0.13557,0.13991,0.1539,0.1649,0.17682,0.19666,0.19178,0.2123,0.29356,0.30792,,,,,,,,,,,
Swaziland,0.01637,0.0165,0.0166,0.01529,0.01457,0.01435,0.01595,0.01813,0.01825,0.0174,0.01729,1524490159,1349326983,1224220675,1854020495,2420610578,2584077930,2947922182,3053823329,3019770679,3161320520,3691050502
Tanzania,0.0582,0.06861,0.07525,0.07626,0.08168,0.0904,0.09356,0.10957,0.11714,0.12382,0.12017,10185786170,10383560997,10805600068,11659129814,12825801916,14141916592,14331231238,16825547176,20715086118,21368165399,22915004297
Togo,0.02191,0.01588,0.02058,0.03206,0.03397,0.03354,0.03483,0.03759,0.04271,0.02184,0.02309,1294250279,1332328986,1474630199,1673690389,1937074537,2115154090,2202809210,2523462648,3159544508,3163000590,3172945282
Tunisia,0.30098,0.33625,0.33847,0.33078,0.33365,0.35827,0.33345,0.29423,0.3135,0.30028,0.30913,21473261837,22066031834,23141616604,27453084982,31183059012,32282960678,34377235161,38848711943,44736953169,43607568688,44377742070
Uganda,0.03282,0.03501,0.0365,0.03925,0.04059,0.04166,0.03901,0.04344,0.04429,0.05992,0.0625,6193246632,5840503702,6178563467,6336696288,7940362663,9013834490,9977209198,11916019462,14440417640,15803514642,17197111223
Western Sahara,0.0036,0.00366,0.00366,0.00366,0.00364,0.00412,0.00365,0.00383,0.00364,0.00365,0.00365,,,,,,,,,,,
Zambia,0.09924,0.10487,0.10799,0.11254,0.11469,0.12143,0.12701,0.12644,0.12723,0.12534,0.13719,3253551749,3653822711,3711284086,4341841413,5439176375,7178556336,10702200821,11541420981,14640792100,12805029521,16190196832
Zimbabwe,0.21215,0.19942,0.19982,0.19783,0.17606,0.19331,0.17486,0.17422,0.15068,0.15486,0.16368,6689957610,6777384732,6342116353,5727591778,5805598442,5755215232,5443896499,5291950101,4415702801,6133240671,7433314459
Asia & Oceania,110.69924,113.69411,119.59693,127.50517,137.70834,148.73139,157.61473,165.67443,171.98377,182.7097,193.6155,,,,,,,,,,,
Afghanistan,0.02384,0.01768,0.01823,0.01629,0.01612,0.01698,0.01854,0.0265,0.02967,0.09823,0.10445,,2461666314,4128818042,4583648921,5285461998,6275076015,7057597615,9843851008,10190534636,12486950468,15936784436
American Samoa,0.00784,0.00786,0.00799,0.00799,0.00795,0.00846,0.00861,0.00922,0.00856,0.00861,0.00417,,,,,,,,,,,
Australia,4.83335,5.00345,5.07292,5.1165,5.41692,5.64958,5.72146,5.9419,5.7874,5.76642,5.81146,415208189411,378642266824,394442235244,466663366336,613161189358,693662607126,747463312368,853854910889,1055506156996,926710311519,1141793593834
Bangladesh,0.50385,0.55256,0.584,0.63488,0.6751,0.71835,0.78022,0.81363,0.88801,0.96407,0.98901,47124925462,46987842846,47571130071,51913661485,56560744012,60277560975,61901116736,68415421372,79554350677,89359767441,100357022443
Bhutan,0.01725,0.01865,0.02075,0.02275,0.02039,0.02296,0.03515,0.04958,0.05312,0.05402,0.05681,439158233,476360697,537050133,622026106,702682018,818869145,897672085,1196090841,1257480560,1264686356,1585319109
Brunei,0.0649,0.07311,0.08476,0.09008,0.10042,0.11918,0.18266,0.18816,0.19556,0.12763,0.14779,6001153317,5601090584,5843329101,6557333067,7872333197,9531402829,11470703002,12247627894,14393099068,10732435033,12369708858
Burma (Myanmar),0.1675,0.16576,0.18845,0.2121,0.21775,0.28673,0.26736,0.28979,0.28615,0.24095,0.24075,,,,,,,,,,,
Cambodia,0.03411,0.0398,0.04281,0.04672,0.05206,0.05528,0.06078,0.06562,0.06871,0.06622,0.06118,3654031716,3979813387,4284028138,4658246906,5337833255,6293046162,7274424518,8639164917,10351829065,10401935531,11242266333
China,40.93559,42.58023,47.29373,52.96116,59.47403,67.91528,74.28128,79.37118,84.94611,94.37119,100.88144,1198474934198,1324806914358,1453827554714,1640958732775,1931644331142,2256902590825,2712950886698,3494055944791,4521827288303,4991256406734,5930529470799
Cook Islands,0.0008,0.0008,0.0008,0.0008,0.00089,0.00098,0.00103,0.00096,0.00101,0.00101,0.00101,,,,,,,,,,,
Fiji,0.02432,0.02626,0.03022,0.03655,0.03957,0.03893,0.04065,0.0405,0.04348,0.02431,0.02342,1684109743,1660102345,1842691481,2315935752,2727507212,3006725014,3103099942,3405050611,3629936625,2925499821,3225095136
French Polynesia,0.01072,0.01065,0.01126,0.01361,0.01366,0.01478,0.01609,0.0161,0.01742,0.01682,0.0169,3447543137,,,,,,,,,,
Guam,0.03928,0.04231,0.02882,0.0331,0.0263,0.02938,0.03058,0.02752,0.02386,0.01457,0.01304,,,,,,,,,,,
Hawaiian Trade Zone,--,--,--,--,--,--,--,--,--,--,--,,,,,,,,,,,
Hong Kong,0.80565,0.85755,0.92558,0.95826,1.06668,1.11214,1.09962,1.13409,1.0887,1.21474,1.26287,171668164082,169403241524,166349228737,161384522525,169099768875,181570082162,193536265094,211597405593,219279678430,214046415026,228695747309
India,13.33329,13.83718,13.66474,14.11354,15.31959,16.33149,17.63085,18.81378,19.90302,21.41704,21.9198,476609148198,493954333968,523968561871,618356467439,721585608172,834215013542,949116769688,1238700195724,1224095295076,1365372433271,1710908768959
Indonesia,3.87305,3.93491,4.08854,4.104,4.43032,4.64683,5.0977,5.32105,5.43696,5.80577,6.05509,165021012261,160446947638,195660611033,234772458818,256836883304,285868610016,364570525997,432216737774,510244548959,539579959052,709190822690
Japan,22.41466,22.20305,22.11821,22.60477,23.242,23.1348,22.86986,23.04962,21.89256,20.69509,21.77269,4731198760271,4159859918093,3980819536159,4302939184963,4655803055650,4571875737175,4356761451087,4356329296669,4849208099923,5035141567658,5495379357484
Kiribati,0.00035,0.00035,0.00045,0.00045,0.00045,0.00054,0.00054,0.00057,0.00053,0.00087,0.00087,67512714,63101272,72259045,90148518,102220914,106147384,104668674,123005089,135044455,127125253,150431113
"Korea, North",0.85941,0.88168,0.85064,0.87877,0.89887,0.93287,0.93706,0.80423,0.88522,0.8345,0.81923,,,,,,,,,,,
"Korea, South",7.8348,8.10102,8.51247,8.76202,9.00854,9.33207,9.44994,9.83603,9.8871,9.97149,10.7827,,,,,,,,,,,
Laos,0.03448,0.03469,0.0359,0.03366,0.03681,0.03848,0.04005,0.04305,0.04681,0.04636,0.04524,,,,,,,,,,,
Macau,0.02211,0.02369,0.02586,0.02686,0.03248,0.02857,0.03522,0.03774,0.04144,0.03313,0.03069,,,,,,,,,,,
Malaysia,1.97785,2.10768,2.19218,2.26849,2.26098,2.28943,2.36515,2.59795,2.67668,2.78314,2.98849,93789473684,92783947368,100845526315,110202368421,124749736842,143533152129,162692467585,193552802791,230987618903,202251384991,247533525517
Maldives,0.00663,0.00713,0.01307,0.0147,0.01027,0.00823,0.01136,0.01279,0.01313,0.01459,0.01459,624337143,802442810,828240882,949867661,1075605492,992473987,1303375806,1541978558,1891633531,1984639640,2134104883
Mongolia,0.06313,0.06517,0.06955,0.06646,0.07102,0.07177,0.08214,0.08515,0.09026,0.09005,0.09273,1136896162,1267997923,1396555772,1595297301,1992066758,2523359940,3414053250,4234894168,5623236707,4583834427,6200357070
Nauru,0.00213,0.00214,0.00223,0.00223,0.00226,0.00231,0.00226,0.0023,0.00231,0.00237,0.00237,,,,,,,,,,,
Nepal,0.05805,0.06212,0.0586,0.06154,0.0631,0.06936,0.06769,0.06982,0.07047,0.07898,0.08436,5494252207,6007061224,6050875806,6330476434,7273933992,8130258976,9043715355,10325618017,12545438605,12854834975,16010389261
New Caledonia,0.02974,0.0292,0.03227,0.03324,0.03547,0.03513,0.04069,0.0412,0.04466,0.04242,0.04287,2682347064,,,,,,,,,,
New Zealand,0.82614,0.83579,0.85376,0.84516,0.87666,0.84479,0.86117,0.86163,0.85232,0.84236,0.85742,51981385895,53273715302,65999637537,87418267497,102983802756,113834420633,110304429415,135291901176,130672262112,118573727125,143246762589
Niue,0.00004,0.00004,0.00004,0.00004,0.00004,0.00006,0.00007,0.00007,0.00005,0.00005,0.00005,,,,,,,,,,,
Pakistan,1.84612,1.79929,1.81339,1.91194,1.96634,2.13909,2.38416,2.48149,2.47811,2.50371,2.55969,73952374969,72309738921,72306820396,83244801092,97977766197,109502102510,137264061106,152385716311,170077814106,168152775283,177406854514
Papua New Guinea,0.04557,0.04578,0.06074,0.06931,0.06853,0.06962,0.07245,0.07309,0.08396,0.05778,0.05858,3521348154,3081029665,2999542369,3536459119,3927114456,4901584516,5598700444,6329292929,8010370370,7914594202,9480047958
Philippines,1.13956,1.12599,1.14734,1.18464,1.21389,1.2158,1.20589,1.17952,1.20299,1.14336,1.21734,81026294681,76261998622,81357657790,83908205719,91371236939,103065972407,122210719245,149359920006,173602533345,168333540385,199589447424
Samoa,0.00234,0.00248,0.0027,0.00263,0.00265,0.00279,0.00275,0.00281,0.00282,0.00286,0.00287,239698992,243324190,256677700,301905953,374507187,412220560,453082900,490916834,573946224,500992499,572160378
Singapore,1.52664,1.62081,1.60212,1.69219,1.90294,2.03676,2.08333,2.26036,2.53059,2.89374,3.37195,95922652585,91148432628,90582818233,93362870572,109336483913,123506892267,139020876513,168705756482,178924164929,194131267854,217200123752
Solomon Islands,0.0025,0.00251,0.0026,0.0026,0.00267,0.00294,0.00273,0.00303,0.00294,0.00273,0.003,435101217,400464593,341663053,332736306,375109694,413909879,456735444,586218381,645796657,601299089,678625481
Sri Lanka,0.18938,0.18644,0.18871,0.20061,0.19925,0.2195,0.21647,0.22235,0.22215,0.22402,0.22781,16330810303,15746224409,17102623876,18881765437,20662525941,24405791044,28267410542,32351184234,40715240468,42067974595,49567521669
Taiwan,3.80833,3.85665,4.09014,4.2601,4.39973,4.435,4.56696,4.61181,4.56075,4.49634,4.82987,,,,,,,,,,,
Thailand,2.57173,2.69236,2.93221,3.20772,3.44176,3.65174,3.70545,3.83697,3.95005,4.05101,4.32479,122725247705,115536405150,126876918690,142640079033,161339790594,176351948403,207088828467,246976870172,272577799257,263711244888,318907930075
Timor-Leste (East Timor),--,--,--,0.0023,0.0025,0.00249,0.00254,0.00462,0.00479,0.00262,0.00262,350100000,429700000,426700000,436500000,455500000,479100000,462600000,558700000,693800000,826700000,934300000
Tonga,0.00187,0.00178,0.00159,0.00159,0.00171,0.00208,0.00246,0.00252,0.00253,0.00252,0.00252,188623258,167042880,181801946,208098551,240794581,264812953,295998379,301064027,346850175,318522296,369212477
U.S. Pacific Islands,0.0044,0.00442,0.00434,0.00434,0.00431,0.00432,0.00442,0.0045,0.00507,0.00441,0.00513,,,,,,,,,,,
Vanuatu,0.00118,0.00118,0.00127,0.00127,0.00131,0.0014,0.00136,0.00158,0.00143,0.00175,0.00175,272014693,257926881,262603781,314463144,364996869,394962552,437072933,526425740,607983815,610075806,700804045
Vietnam,0.73608,0.81314,0.90187,0.97817,1.06511,1.17323,1.30862,1.4182,1.63544,1.67657,1.86492,33640085727,35291349277,37947904054,42717072777,49424107709,57633255739,66371664817,77414425532,99130304099,106014600963,115931749904
Wake Island,0.0187,0.01875,0.01907,0.01907,0.01896,0.01888,0.01937,0.01986,0.01888,0.01932,0.01916,,,,,,,,,,,
World,400.07194,402.27059,412.21126,425.87377,444.69444,459.29216,470.14802,482.86461,490.6727,487.58009,510.55101,32872324986797,32678362783846,33924664960888,38058693029123,42826770007282,46328508515723,50172505567029,56488054878408,61952359911162,58716039506316,64081876752375