Country,2000,2001,2002,2003,2004,2005,2006,2007,2008,2009,2010,2011,GDP2010,POP2010
North America,118.46755,115.34801,117.04469,117.93194,120.71982,121.20333,120.76222,122.86815,120.10351,114.62372,118.34544,118.79012,16541084496217
Bermuda,0.0075,0.00744,0.00752,0.00814,0.00869,0.00927,0.00922,0.01018,0.00981,0.00971,0.00955,0.00848,5744414000,65
Canada,13.30484,12.87242,13.09648,13.52567,14.11424,14.17242,13.8183,14.02585,13.54625,13.09711,13.00072,13.49506,1577040082217,34126
Greenland,0.00772,0.00796,0.00805,0.00809,0.00813,0.00829,0.00846,0.00826,0.00917,0.00893,0.00893,0.00842,,57
Mexico,6.33194,6.29111,6.28657,6.41137,6.42585,6.73068,7.29561,7.5267,7.26255,6.94764,7.28397,7.8079,1047368841686,117886
Saint Pierre and Miquelon,0.00105,0.00096,0.00096,0.00105,0.00113,0.00117,0.00118,0.00122,0.00123,0.00122,0.00122,0.00126,6
United States,98.8145,96.16811,97.6451,97.97761,100.16178,100.28151,99.62944,101.29594,99.27451,94.55912,98.04105,97.469,14958300000000,312247
Central & South America,20.79795,21.10569,21.09502,21.54205,22.48281,23.22909,24.34095,24.66038,25.7009,25.28353,26.86867,NA
Antarctica,0.00313,0.00318,0.00318,0.00327,0.00325,0.0035,0.0035,0.00337,0.00376,0.00339,0.00105,0.00197
Antigua and Barbuda,0.00725,0.00727,0.00732,0.00776,0.00836,0.00909,0.00927,0.00891,0.00973,0.00943,0.00941,0.00827,1161528615,87
Argentina,2.66876,2.61239,2.48186,2.66675,2.7809,2.95491,3.13524,3.27338,3.35163,3.30164,3.34874,NA,368736062143,40374
Aruba,0.01349,0.01353,0.01353,0.01442,0.01452,0.01487,0.01597,0.01461,0.01407,0.01449,0.01517,0.01354,2467703910,102
"Bahamas, The",0.04749,0.0466,0.0469,0.0566,0.0572,0.0658,0.06591,0.06274,0.07109,0.04867,0.04867,0.04903,7888087000,360
Barbados,0.02378,0.02293,0.02293,0.02335,0.01599,0.0216,0.0206,0.01865,0.01746,0.02054,0.0193,0.01903,4433700000,280
Belize,0.01074,0.01431,0.01376,0.01409,0.01513,0.01598,0.01709,0.01752,0.01782,0.01193,0.0125,NA,1397900000,309
Bolivia,0.16192,0.14481,0.157,0.19835,0.20213,0.20023,0.22594,0.23317,0.24958,0.22976,0.23258,NA,19649724655,10157
Brazil,8.53326,8.44866,8.55386,8.66412,8.99638,9.35596,9.69969,10.12882,10.33828,10.42654,11.29911,11.65825,2143035333258,195210
Cayman Islands,0.0049,0.00496,0.00496,0.00514,0.00551,0.00578,0.00657,0.00757,0.00925,0.00774,0.00778,0.00767,,56
Chile,1.01272,1.04667,1.0647,1.11922,1.19658,1.27932,1.31642,1.0911,1.34684,1.29926,1.33341,1.35784,217556229881,17151
Colombia,1.17201,1.16349,1.16015,1.20249,1.21593,1.26835,1.31278,1.33293,1.34274,1.33538,1.36665,NA,287000940839,46445
Costa Rica,0.14104,0.14556,0.15333,0.15957,0.16397,0.16188,0.17481,0.18426,0.19038,0.18469,0.18718,NA,36298327620,4670
Cuba,0.45968,0.46595,0.46699,0.46354,0.51958,0.45093,0.35559,0.37219,0.35797,0.41463,0.39997,NA,64328220000,11282
Dominica,0.00148,0.00175,0.00191,0.00203,0.00188,0.0016,0.00195,0.00193,0.00204,0.00204,0.00214,NA,471851098,71
Dominican Republic,0.23415,0.24458,0.25249,0.28608,0.27171,0.27188,0.28134,0.29372,0.29398,0.28108,0.28926,0.31375,51748279416,10017
Ecuador,0.34462,0.3609,0.36515,0.37612,0.3921,0.40707,0.44521,0.47334,0.57449,0.53288,0.56297,NA,67513698000,15001
El Salvador,0.10082,0.10523,0.10397,0.1135,0.11117,0.11716,0.12156,0.12288,0.12097,0.11837,0.12442,NA,21418300000,6218
Falkland Islands (Islas Malvinas),0.00039,0.0004,0.00044,0.00044,0.00048,0.00053,0.00057,0.00065,0.00068,0.00067,0.00067,0.00065
French Guiana,0.01369,0.01921,0.01969,0.02057,0.02019,0.021,0.02132,0.02097,0.0203,0.01847,0.02087,NA,231
Grenada,0.00181,0.00318,0.00345,0.00349,0.00352,0.00361,0.00381,0.00377,0.0039,0.00398,0.00397,0.00396,783602099,105
Guadeloupe,0.02632,0.02679,0.02733,0.02931,0.02985,0.03126,0.03275,0.03631,0.03707,0.03188,0.03188,0.03255,459
Guatemala,0.15753,0.16974,0.1687,0.17628,0.19425,0.20438,0.20222,0.20965,0.19736,0.21336,0.21337,NA,41338161799,14342
Guyana,0.0229,0.02354,0.02393,0.02341,0.02101,0.02313,0.022,0.02186,0.02235,0.02256,0.02244,NA,2259288026,786
Haiti,0.02408,0.02601,0.02652,0.02639,0.02686,0.02719,0.02785,0.02907,0.03579,0.03339,0.03097,NA,6634579143,9896
Honduras,0.08601,0.09293,0.09775,0.10039,0.10937,0.11675,0.12283,0.13443,0.13243,0.12509,0.13198,NA,15729644901,7621
Jamaica,0.14637,0.14699,0.15054,0.15637,0.15835,0.15258,0.17143,0.18033,0.17854,0.12778,0.12696,NA,13202998397,2741
Martinique,0.02815,0.02841,0.02879,0.03002,0.03085,0.03266,0.03259,0.03382,0.03016,0.03605,0.0361,0.03847,401
Montserrat,0.00075,0.00075,0.00075,0.00084,0.00092,0.00097,0.00106,0.00115,0.00117,0.00115,0.00115,0.00122,5
Netherlands Antilles,0.15593,0.15784,0.15109,0.14478,0.14548,0.15318,0.16036,0.16864,0.19364,0.17341,0.16436,0.16262,772090789473,16615
Nicaragua,0.05537,0.0591,0.06114,0.06242,0.06628,0.07106,0.07053,0.07157,0.07145,0.07015,0.07232,NA,8586295846,5822
Panama,0.20637,0.20344,0.20284,0.19682,0.2272,0.22021,0.2299,0.23553,0.23881,0.25028,0.27683,NA,26589600000,3678
Paraguay,0.42971,0.37938,0.39444,0.4241,0.41508,0.40976,0.42508,0.4253,0.4405,0.43597,0.43752,NA,20028375553,6460
Peru,0.52873,0.53776,0.54613,0.55734,0.58274,0.61903,0.67681,0.68496,0.76281,0.74815,0.84796,NA,157609814184,29263
Puerto Rico,0.44069,0.47836,0.48162,0.51986,0.53042,0.51355,0.51434,0.42645,0.44085,0.39426,0.43966,0.38825,97147300000,3710
Saint Kitts and Nevis,0.00145,0.00145,0.00145,0.00163,0.00179,0.00189,0.00249,0.00354,0.00355,0.00372,0.00372,0.00375,52
Saint Lucia,0.00471,0.00494,0.00504,0.00552,0.00533,0.00532,0.00548,0.00577,0.00603,0.00587,0.00587,0.00604,177
Saint Vincent/Grenadines,0.00269,0.00268,0.00284,0.00296,0.00318,0.00317,0.0031,0.00314,0.00316,0.00314,0.00317,NA
Suriname,0.02927,0.03074,0.032,0.03275,0.03364,0.03496,0.03608,0.03571,0.03577,0.03637,0.03585,NA,4368007284,525
Trinidad and Tobago,0.42055,0.47354,0.49998,0.53889,0.59,0.67327,0.82112,0.82411,0.89599,0.85012,0.93624,0.92963,20667611846,1328
Turks and Caicos Islands,0.00039,0.00023,0.00018,0.00018,0.00017,0.00018,0.00017,0.001,0.00222,0.00226,0.00226,0.00213,,31
Uruguay,0.16448,0.16221,0.16845,0.16337,0.14096,0.15679,0.14879,0.1778,0.18452,0.18958,0.21154,NA,38846222984,3372
Venezuela,2.76891,3.03054,2.93435,2.72196,2.93675,2.91656,3.15857,3.06615,3.22512,3.03864,3.32096,NA,393807511437,29043
"Virgin Islands,  U.S.",0.13864,0.19195,0.19075,0.22458,0.23458,0.22889,0.23891,0.21603,0.22305,0.2232,0.22814,0.27736
"Virgin Islands, British",0.00084,0.00084,0.00084,0.00097,0.00123,0.00132,0.00141,0.00153,0.0016,0.00157,0.00157,0.00163
Europe,81.52783,82.65567,82.51751,84.08542,85.94542,85.76249,86.31168,86.69852,85.64615,81.21917,83.82449,NA,16252108894597
Albania,0.09619,0.0916,0.09516,0.11449,0.11651,0.12092,0.11852,0.10319,0.10963,0.11511,0.12509,0.10628,11858166294,3150
Austria,1.38594,1.43983,1.45087,1.4705,1.50963,1.55066,1.53621,1.5442,1.53367,1.47479,1.52707,1.46997,375217439473,8402
Belgium,2.7338,2.70258,2.6794,2.78228,2.80785,2.77869,2.7376,2.73626,2.91486,2.65429,2.74807,2.69109,468078947368,10941
Bosnia and Herzegovina,0.22358,0.22112,0.2316,0.22736,0.25338,0.27251,0.27846,0.25997,0.29093,0.30239,0.32508,NA,16775469777,3846
Bulgaria,0.86773,0.90406,0.8746,0.88654,0.87492,0.91869,0.94058,0.84127,0.81712,0.72108,0.76948,NA,47727325908,7389
Croatia,0.3756,0.38411,0.37378,0.39311,0.40806,0.404,0.41504,0.3948,0.40653,0.38864,0.39557,NA,58873839434,4338
Cyprus,0.10312,0.1125,0.11064,0.11157,0.11762,0.11984,0.12625,0.12657,0.13154,0.12457,0.12146,0.12564,23132450331,1104
Czech Republic,1.40621,1.45203,1.45139,1.51756,1.51531,1.55617,1.58825,1.64613,1.61534,1.53063,1.59118,1.57418,198475392670,10554
Denmark,0.87642,0.88917,0.8576,0.89932,0.86591,0.84618,0.90184,0.88542,0.84197,0.79435,0.83053,0.78282,313365836298,5551
Faroe Islands,0.01022,0.01022,0.01049,0.0105,0.01068,0.01086,0.01172,0.0113,0.01139,0.01133,0.0109,0.01186
Finland,1.21661,1.22831,1.24334,1.31717,1.3526,1.26539,1.32564,1.35083,1.29482,1.20685,1.30311,1.22339,235163157894,5368
Former Czechoslovakia,--,--,--,--,--,--,--,--,--,--,--,--
Former Serbia and Montenegro,0.6587,0.70203,0.77788,0.78073,0.79528,0.76979,--,--,--,--,--,--
Former Yugoslavia,--,--,--,--,--,--,--,--,--,--,--,--
France,10.95781,11.09223,11.00065,11.12078,11.40251,11.35578,11.3806,11.29532,11.29373,10.73373,11.02554,10.78072,2548315434210,63231
Germany,14.41007,14.76009,14.44915,14.70252,14.81923,14.42205,14.68168,14.22641,14.39583,13.52424,13.93671,13.08189,3282894736842,83017
"Germany, East",--,--,--,--,--,--,--,--,--,--,--,--
"Germany, West",--,--,--,--,--,--,--,--,--,--,--,--
Gibraltar,0.09355,0.05126,0.05216,0.0535,0.05489,0.05644,0.05775,0.05952,0.06104,0.06265,0.06368,0.06089,29
Greece,1.338,1.35539,1.35968,1.43748,1.42721,1.44302,1.4855,1.50936,1.47097,1.40269,1.3418,1.29289,292304602598,11110
Hungary,1.02243,1.05724,1.06097,1.08511,1.08542,1.15794,1.14796,1.12415,1.10717,1.03658,1.05124,1.02138,127503279792,10015
Iceland,0.1199,0.12267,0.12659,0.12829,0.12972,0.1306,0.14327,0.16695,0.20929,0.2039,0.20542,0.21376,12564891657,318
Ireland,0.60027,0.62845,0.62447,0.61908,0.64429,0.66413,0.70269,0.70299,0.69324,0.62099,0.62811,0.59461,208022028243,4468
Italy,7.58182,7.62301,7.65325,7.90469,8.16668,8.07918,8.00936,8.03926,7.83857,7.35131,7.62586,7.40538,2041954747600,60509
Luxembourg,0.15384,0.16143,0.16988,0.17893,0.19745,0.20597,0.20346,0.1993,0.19594,0.18552,0.19874,0.19426,51713947368,508
Macedonia,0.11505,0.10637,0.1066,0.1156,0.11805,0.11917,0.11709,0.11407,0.11367,0.1128,0.12055,NA,9338665630,2102
Malta,0.03919,0.0329,0.03939,0.03925,0.03973,0.04122,0.03904,0.04138,0.04255,0.08783,0.10438,0.10018,8163841059,425
Montenegro,--,--,--,--,--,--,0.04016,0.03602,0.04311,0.03953,0.04752,NA,4114780573,620
Netherlands,3.79343,3.92944,3.93986,4.02199,4.13271,4.23416,4.14183,4.35459,4.14045,4.07681,4.2662,4.07899,772090789473,16615
Norway,1.98845,1.89297,1.94002,1.82,1.92523,2.0028,1.84424,1.97706,1.94232,1.89931,1.86836,1.86774,421236092715,4891
Poland,3.62445,3.45492,3.45339,3.57188,3.74765,3.67445,3.85182,3.91829,3.89067,3.78329,4.05529,4.09716,469736810690,38199
Portugal,1.07048,1.08598,1.08306,1.11732,1.11244,1.12608,1.1019,1.12765,1.06227,1.0649,1.12574,1.074,227446710526,10590
Romania,1.58611,1.71549,1.68366,1.63078,1.68956,1.6655,1.67453,1.66212,1.64164,1.41096,1.42516,1.52122,164435979735,21861
Serbia,--,--,--,--,--,--,0.77822,0.76824,0.74762,0.74543,0.77456,NA,36990001283,9647
Slovakia,0.78498,0.82957,0.84408,0.82019,0.80533,0.83036,0.81948,0.79151,0.80208,0.72467,0.77205,0.73283,5433
Slovenia,0.29282,0.29895,0.30204,0.30098,0.31417,0.3193,0.31761,0.31862,0.33989,0.30802,0.30953,0.30434,46908328071,2054
Spain,5.54154,5.78945,5.83067,6.13748,6.34354,6.44556,6.4938,6.76091,6.52779,6.10063,6.23946,6.0968,1375815789473,46182
Sweden,2.27081,2.40492,2.27707,2.16972,2.30924,2.33275,2.21398,2.28591,2.22166,2.05075,2.22204,2.14353,462903051317,9382
Switzerland,1.29678,1.35071,1.28496,1.30302,1.31289,1.26341,1.28603,1.3027,1.31995,1.2873,1.26518,1.25502,550638974461,7831
Turkey,3.16279,2.89384,3.14597,3.31735,3.51199,3.73432,4.07083,4.4552,4.29029,4.29655,4.48981,4.92177,731144392556,72138
United Kingdom,9.72914,9.88082,9.93318,9.97834,10.02772,9.84463,9.72876,9.56105,9.28664,8.78475,8.91401,8.51752,2285561538461,62066
Eurasia,39.18995,38.86752,40.23104,41.64453,42.91998,43.00702,42.59499,44.02493,45.06215,40.37198,42.83648,NA
Armenia,0.16247,0.1646,0.16393,0.17541,0.18063,0.20159,0.2038,0.22112,0.21598,0.20127,0.21196,NA,9260297329,2963
Azerbaijan,0.52002,0.52053,0.59178,0.60157,0.63699,0.65892,0.69878,0.59244,0.71848,0.56673,0.55567,NA,52905998878,9095
Belarus,1.05214,0.96268,0.90747,0.98457,0.95177,1.12403,1.15433,1.15134,1.12029,1.05118,1.13123,NA,55220932613,9491
Estonia,0.19633,0.2039,0.2034,0.22366,0.23265,0.23315,0.22655,0.23105,0.22402,0.19773,0.22299,0.07596,18909381436,1299
Former U.S.S.R.,--,--,--,--,--,--,--,--,--,--,--,--
Georgia,0.13752,0.12619,0.14833,0.13288,0.1357,0.15153,0.13936,0.16648,0.1737,0.17753,0.19191,NA,11638236642,4389
Kazakhstan,1.83351,1.93523,1.99277,1.82516,2.18332,2.23411,2.37702,2.38347,2.36741,2.14318,2.25517,NA,148052371903,15921
Kyrgyzstan,0.24136,0.22777,0.19289,0.20385,0.21189,0.21021,0.21543,0.20304,0.17757,0.20701,0.20166,NA,5334
Latvia,0.15412,0.16092,0.154,0.16071,0.17574,0.18543,0.18448,0.17261,0.16337,0.16488,0.16082,NA,24009680459,2091
Lithuania,0.2973,0.31679,0.34054,0.35264,0.35316,0.35257,0.35277,0.38586,0.37472,0.32429,0.26217,NA,36306384146,3068
Moldova,0.11014,0.10728,0.11896,0.1305,0.12268,0.1293,0.13827,0.12851,0.13351,0.11866,0.1186,NA,5811622393,3573
Russia,26.13934,25.70645,26.66264,27.4133,28.14579,27.92219,27.68692,28.69019,29.63247,27.68958,29.32178,32.77096,1524916698233,143618
Tajikistan,0.23909,0.24705,0.25201,0.27054,0.27419,0.28425,0.28025,0.27243,0.25661,0.18682,0.19051,NA,5642221528,7627
Turkmenistan,0.40112,0.50227,0.58452,0.75923,0.80707,0.83243,0.84142,0.89993,0.93194,0.88651,0.92312,NA,22148070175,5042
Ukraine,5.75077,5.64106,5.82163,6.2826,6.25436,6.32588,5.86877,6.29988,6.22468,4.45821,5.09354,NA,136418622767,46050
Uzbekistan,1.95472,2.04481,2.09616,2.12792,2.25405,2.1614,2.22683,2.22658,2.34739,1.99839,1.99535,NA,39332771014,27769
Middle East,17.35068,17.97316,19.01498,19.81524,20.96458,22.8694,23.94168,23.94363,26.09924,27.44746,28.73368,NA
Bahrain,0.36474,0.37722,0.39762,0.40773,0.41884,0.44726,0.48868,0.51317,0.53474,0.54327,0.55759,NA,25713571420,1252
Iran,5.02081,5.38611,5.88847,6.1875,6.40678,7.33526,7.67976,7.89703,8.09856,9.04268,9.10777,NA,422567967404,74462
Iraq,1.08419,1.13411,1.14428,1.0122,1.12508,1.23888,1.22646,1.30916,1.34034,1.45744,1.50018,NA,135488471367,30962
Israel,0.81131,0.87409,0.84092,0.85309,0.8555,0.87197,0.88416,0.91127,0.83252,0.87707,0.94537,0.97417,231674511901,7420
Jordan,0.22545,0.2202,0.23062,0.25148,0.27821,0.29423,0.30837,0.30975,0.30782,0.31309,0.32667,NA,26425379366,6455
Kuwait,0.90963,0.88264,0.88761,0.96046,1.00698,1.14679,1.13313,1.12475,1.16169,1.21498,1.28347,1.39857,119934674734,2992
Lebanon,0.23433,0.22499,0.22859,0.23803,0.22844,0.21854,0.19424,0.17922,0.18233,0.28324,0.27604,NA,37124378109,4341
Oman,0.34089,0.34692,0.36024,0.3566,0.38096,0.48045,0.55125,0.58188,0.68767,0.75002,0.86701,0.88503,58813004375,2803
Palestinian Territories,0.01978,0.0266,0.02469,0.02643,0.04029,0.04934,0.05351,0.05453,0.05852,0.04525,0.04585,NA
Qatar,0.64476,0.5025,0.5271,0.58437,0.70528,0.88637,0.95057,0.99146,1.01462,1.08657,1.10456,1.08967,125122249141,1750
Saudi Arabia,4.85276,5.1387,5.38353,5.76125,6.20771,6.52548,6.8456,6.18472,7.45005,7.22524,7.84894,8.50648,526811466666,27258
Syria,0.78206,0.76222,0.8197,0.82694,0.84518,0.80437,0.80649,0.80705,0.81778,0.9479,1.03228,NA,59147033451,21533
United Arab Emirates,1.8663,1.89112,2.05573,2.1047,2.21903,2.31365,2.53901,2.82421,3.29263,3.37142,3.53612,4.11031,287421927883,8442
Yemen,0.19367,0.20573,0.22587,0.24444,0.2463,0.25679,0.28046,0.25545,0.31997,0.28928,0.30183,0.29662,31883409718,22763
Africa,12.03873,12.62643,12.7111,13.34942,13.95348,14.48942,14.58177,14.99456,16.07699,15.92452,16.32675,NA
Algeria,1.23857,1.25615,1.27659,1.2927,1.26393,1.48134,1.54318,1.61954,1.72123,1.7988,1.79829,NA,161207304960,37063
Angola,0.09094,0.1193,0.12741,0.13525,0.14463,0.14764,0.1659,0.1862,0.19718,0.20883,0.23924,NA,82470894868,19549
Benin,0.02426,0.02449,0.02594,0.03053,0.03556,0.03725,0.04391,0.04767,0.05264,0.06582,0.07364,NA,6558416322,9510
Botswana,0.05755,0.05139,0.05201,0.05007,0.05715,0.06134,0.06223,0.06069,0.06339,0.06514,0.0743,NA,13746712705,1969
Burkina Faso,0.01662,0.01662,0.01729,0.01803,0.01832,0.01877,0.01862,0.02082,0.02012,0.02564,0.02599,NA,9209288383,15540
Burundi,0.00658,0.00712,0.00727,0.00729,0.00667,0.00664,0.00644,0.00615,0.00406,0.00439,0.00468,NA,2026864414,9233
Cameroon,0.08132,0.08165,0.07808,0.08387,0.08674,0.08577,0.09881,0.09902,0.10565,0.10857,0.12487,NA,22493301699,20624
Cape Verde,0.00318,0.00214,0.00228,0.00227,0.00433,0.00373,0.0042,0.00493,0.00507,0.00552,0.00552,0.00563,1664310632,488
Central African Republic,0.00539,0.00549,0.00565,0.00567,0.00577,0.00565,0.00592,0.00633,0.00647,0.00609,0.00609,NA,1986014759,4350
Chad,0.00278,0.00284,0.00293,0.00293,0.00272,0.00302,0.00325,0.00379,0.00362,0.00364,0.00364,0.00373,10657705072,11721
Comoros,0.00136,0.00141,0.00146,0.00147,0.00151,0.00161,0.00163,0.00204,0.00214,0.00214,0.00186,NA,543376206,683
Congo (Brazzaville),0.01302,0.016,0.0154,0.01722,0.01848,0.02482,0.02843,0.03386,0.03906,0.04784,0.06727,NA,4112
Congo (Kinshasa),0.09171,0.08267,0.07982,0.08113,0.09578,0.09882,0.1004,0.10656,0.10331,0.10511,0.11299,NA,4112
Cote dIvoire (IvoryCoast),0.13277,0.10998,0.10706,0.10877,0.11505,0.11335,0.114,0.11957,0.13429,0.12995,0.12381,NA
Djibouti,0.02465,0.02502,0.02506,0.02559,0.0259,0.02565,0.02374,0.02319,0.01642,0.01667,0.01667,0.01859,,834
Egypt,2.0052,2.22517,2.25765,2.43298,2.58248,2.68931,2.53821,2.70984,3.1936,3.20306,3.30724,NA,218887812549,78076
Equatorial Guinea,0.00433,0.00354,0.04942,0.05064,0.0059,0.05036,0.05045,0.0588,0.05765,0.06384,0.06934,NA,12261420852,696
Eritrea,0.00888,0.01052,0.00977,0.01103,0.01037,0.01036,0.01035,0.00973,0.01108,0.00714,0.00701,0.00647,2117039510,5741
Ethiopia,0.06451,0.06956,0.0745,0.08134,0.08518,0.09097,0.10302,0.11177,0.13166,0.13029,0.13678,NA,26311310604,87095
Gabon,0.03684,0.0382,0.03796,0.03898,0.0393,0.03826,0.04223,0.04342,0.05311,0.04194,0.04543,NA,14507032805,1556
"Gambia, The",0.00365,0.00392,0.00401,0.00406,0.00408,0.00423,0.00453,0.00559,0.00583,0.00623,0.00677,0.00599,951805801,1681
Ghana,0.14286,0.1419,0.13071,0.12545,0.14495,0.14937,0.15015,0.13327,0.14904,0.17244,0.19467,NA,32174210792,24263
Guinea,0.02176,0.02345,0.02392,0.02207,0.02363,0.02358,0.02306,0.02344,0.02427,0.02445,0.02447,NA,4735956475,10876
Guinea-Bissau,0.00485,0.0049,0.00508,0.00521,0.00518,0.00538,0.00533,0.00551,0.00547,0.00557,0.00557,0.00565,835390892,1587
Kenya,0.14224,0.14413,0.14934,0.16118,0.16875,0.18298,0.20102,0.2022,0.18836,0.19759,0.21986,NA,32198151217,40909
Lesotho,0.00588,0.00598,0.00615,0.00635,0.00595,0.00662,0.00531,0.00566,0.00587,0.00552,0.00993,NA,2203835214,2009
Liberia,0.00616,0.00652,0.00705,0.00727,0.00735,0.00745,0.00858,0.00942,0.00844,0.00775,0.00753,0.00826,1292696475,3958
Libya,0.62988,0.66709,0.69699,0.68428,0.75794,0.77201,0.73147,0.75824,0.73771,0.77865,0.83996,NA,,6041
Madagascar,0.03093,0.03335,0.03755,0.03941,0.04278,0.04156,0.04108,0.04182,0.04563,0.03285,0.03292,NA,8837041787,21080
Malawi,0.02275,0.02291,0.02391,0.0244,0.02697,0.02836,0.02907,0.02984,0.03121,0.02984,0.03061,NA,5398616984,15014
Mali,0.01023,0.01029,0.01102,0.0111,0.01144,0.0125,0.01163,0.01188,0.01243,0.01239,0.01256,NA,9422267259,13986
Mauritania,0.04976,0.04976,0.04748,0.04879,0.04151,0.04908,0.04206,0.03878,0.0438,0.02784,0.0279,NA,3671380305,3609
Mauritius,0.05334,0.05851,0.05433,0.0567,0.05767,0.06037,0.06368,0.06784,0.06984,0.06384,0.0668,0.06827,9718331362,1231
Morocco,0.44701,0.4813,0.48821,0.49124,0.4923,0.49773,0.51652,0.52846,0.59814,0.64331,0.67296,NA,90770671431,31642
Mozambique,0.10073,0.13093,0.13324,0.13221,0.14246,0.15798,0.17698,0.18214,0.16984,0.18321,0.18078,NA,9274448731,23967
Namibia,0.0415,0.04742,0.0503,0.05393,0.0569,0.05861,0.0626,0.06488,0.0726,0.06967,0.06538,NA,11065912279,2179
Niger,0.01511,0.0155,0.01645,0.01691,0.0182,0.01724,0.0169,0.01752,0.01325,0.01809,0.01834,NA,5718589550,15894
Nigeria,0.80941,0.91104,0.93475,0.97853,0.98351,1.08137,1.02946,0.98637,1.0381,0.67651,0.72951,NA,229507890739,159708
Reunion,0.04413,0.04593,0.04587,0.04595,0.04641,0.04728,0.0478,0.04898,0.05047,0.05208,0.05203,NA
Rwanda,0.01234,0.01233,0.01248,0.01278,0.01204,0.01248,0.01237,0.01108,0.0113,0.01213,0.01219,NA,5624506157,10837
Saint Helena,0.00031,0.00018,0.00018,0.00018,0.00013,0.00018,0.00016,0.00018,0.00014,0.00013,0.00013,0.00021,4
Sao Tome and Principe,0.00138,0.00132,0.00139,0.0014,0.00138,0.00141,0.00158,0.00194,0.00196,0.00196,0.00195,NA,201037916,178
Senegal,0.06366,0.06364,0.06656,0.0685,0.07829,0.08372,0.0858,0.08716,0.06495,0.08611,0.08664,NA,12932427724,12951
Seychelles,0.0081,0.00835,0.01215,0.01185,0.01228,0.01209,0.016,0.01338,0.01472,0.01593,0.01342,0.017,969973774,91
Sierra Leone,0.01335,0.01366,0.01389,0.01421,0.01682,0.01674,0.01659,0.01786,0.02122,0.01985,0.02034,NA,2575466372,5752
Somalia,0.00998,0.00998,0.00998,0.01009,0.00996,0.0101,0.01059,0.01194,0.01138,0.01125,0.01125,NA,,9636
South Africa,4.58373,4.64708,4.53578,4.87605,5.21505,5.12043,5.28755,5.41603,5.72952,5.62826,5.59303,NA,363240728680,51452
Sudan and South Sudan,0.10796,0.13557,0.13991,0.1539,0.1649,0.17682,0.19666,0.19178,0.2123,0.29356,0.30792,NA
Swaziland,0.01637,0.0165,0.0166,0.01529,0.01457,0.01435,0.01595,0.01813,0.01825,0.0174,0.01729,NA,3691050502,1193
Tanzania,0.0582,0.06861,0.07525,0.07626,0.08168,0.0904,0.09356,0.10957,0.11714,0.12382,0.12017,NA,22915004297,44973
Togo,0.02191,0.01588,0.02058,0.03206,0.03397,0.03354,0.03483,0.03759,0.04271,0.02184,0.02309,NA,3172945282,6306
Tunisia,0.30098,0.33625,0.33847,0.33078,0.33365,0.35827,0.33345,0.29423,0.3135,0.30028,0.30913,NA,44377742070,10632
Uganda,0.03282,0.03501,0.0365,0.03925,0.04059,0.04166,0.03901,0.04344,0.04429,0.05992,0.0625,NA,17197111223,33987
Western Sahara,0.0036,0.00366,0.00366,0.00366,0.00364,0.00412,0.00365,0.00383,0.00364,0.00365,0.00365,0.00364,515
Zambia,0.09924,0.10487,0.10799,0.11254,0.11469,0.12143,0.12701,0.12644,0.12723,0.12534,0.13719,NA,16190196832,13217
Zimbabwe,0.21215,0.19942,0.19982,0.19783,0.17606,0.19331,0.17486,0.17422,0.15068,0.15486,0.16368,NA,7433314459,13077
Asia & Oceania,110.69924,113.69411,119.59693,127.50517,137.70834,148.73139,157.61473,165.67443,171.98377,182.7097,193.6155,NA
Afghanistan,0.02384,0.01768,0.01823,0.01629,0.01612,0.01698,0.01854,0.0265,0.02967,0.09823,0.10445,NA,15936784436,28398
American Samoa,0.00784,0.00786,0.00799,0.00799,0.00795,0.00846,0.00861,0.00922,0.00856,0.00861,0.00417,0.00625,,56
Australia,4.83335,5.00345,5.07292,5.1165,5.41692,5.64958,5.72146,5.9419,5.7874,5.76642,5.81146,5.60117,1141793593834,22404
Bangladesh,0.50385,0.55256,0.584,0.63488,0.6751,0.71835,0.78022,0.81363,0.88801,0.96407,0.98901,1.01317,100357022443,151125
Bhutan,0.01725,0.01865,0.02075,0.02275,0.02039,0.02296,0.03515,0.04958,0.05312,0.05402,0.05681,NA,1585319109,717
Brunei,0.0649,0.07311,0.08476,0.09008,0.10042,0.11918,0.18266,0.18816,0.19556,0.12763,0.14779,0.14914,12369708858,401
Burma (Myanmar),0.1675,0.16576,0.18845,0.2121,0.21775,0.28673,0.26736,0.28979,0.28615,0.24095,0.24075,NA,,51931
Cambodia,0.03411,0.0398,0.04281,0.04672,0.05206,0.05528,0.06078,0.06562,0.06871,0.06622,0.06118,NA,11242266333,14365
China,40.93559,42.58023,47.29373,52.96116,59.47403,67.91528,74.28128,79.37118,84.94611,94.37119,100.88144,109.61959,5930529470799,1359821
Cook Islands,0.0008,0.0008,0.0008,0.0008,0.00089,0.00098,0.00103,0.00096,0.00101,0.00101,0.00101,0.00104,20
Fiji,0.02432,0.02626,0.03022,0.03655,0.03957,0.03893,0.04065,0.0405,0.04348,0.02431,0.02342,0.02339,3225095136,861
French Polynesia,0.01072,0.01065,0.01126,0.01361,0.01366,0.01478,0.01609,0.0161,0.01742,0.01682,0.0169,NA,,268
Guam,0.03928,0.04231,0.02882,0.0331,0.0263,0.02938,0.03058,0.02752,0.02386,0.01457,0.01304,0.01586,,159
Hawaiian Trade Zone,--,--,--,--,--,--,--,--,--,--,--,--
Hong Kong,0.80565,0.85755,0.92558,0.95826,1.06668,1.11214,1.09962,1.13409,1.0887,1.21474,1.26287,1.25161,228695747309,7050
India,13.33329,13.83718,13.66474,14.11354,15.31959,16.33149,17.63085,18.81378,19.90302,21.41704,21.9198,23.61068,1710908768959,1205625
Indonesia,3.87305,3.93491,4.08854,4.104,4.43032,4.64683,5.0977,5.32105,5.43696,5.80577,6.05509,6.13087,709190822690,240676
Japan,22.41466,22.20305,22.11821,22.60477,23.242,23.1348,22.86986,23.04962,21.89256,20.69509,21.77269,20.85621,5495379357484,127353
Kiribati,0.00035,0.00035,0.00045,0.00045,0.00045,0.00054,0.00054,0.00057,0.00053,0.00087,0.00087,0.00083,150431113,98
"Korea, North",0.85941,0.88168,0.85064,0.87877,0.89887,0.93287,0.93706,0.80423,0.88522,0.8345,0.81923,NA
"Korea, South",7.8348,8.10102,8.51247,8.76202,9.00854,9.33207,9.44994,9.83603,9.8871,9.97149,10.7827,11.16071
Laos,0.03448,0.03469,0.0359,0.03366,0.03681,0.03848,0.04005,0.04305,0.04681,0.04636,0.04524,NA
Macau,0.02211,0.02369,0.02586,0.02686,0.03248,0.02857,0.03522,0.03774,0.04144,0.03313,0.03069,NA
Malaysia,1.97785,2.10768,2.19218,2.26849,2.26098,2.28943,2.36515,2.59795,2.67668,2.78314,2.98849,NA,247533525517,28276
Maldives,0.00663,0.00713,0.01307,0.0147,0.01027,0.00823,0.01136,0.01279,0.01313,0.01459,0.01459,0.01471,2134104883,326
Mongolia,0.06313,0.06517,0.06955,0.06646,0.07102,0.07177,0.08214,0.08515,0.09026,0.09005,0.09273,NA,6200357070,2713
Nauru,0.00213,0.00214,0.00223,0.00223,0.00226,0.00231,0.00226,0.0023,0.00231,0.00237,0.00237,0.00221,10
Nepal,0.05805,0.06212,0.0586,0.06154,0.0631,0.06936,0.06769,0.06982,0.07047,0.07898,0.08436,NA,16010389261,26846
New Caledonia,0.02974,0.0292,0.03227,0.03324,0.03547,0.03513,0.04069,0.0412,0.04466,0.04242,0.04287,NA,,246
New Zealand,0.82614,0.83579,0.85376,0.84516,0.87666,0.84479,0.86117,0.86163,0.85232,0.84236,0.85742,0.86347,143246762589,4368
Niue,0.00004,0.00004,0.00004,0.00004,0.00004,0.00006,0.00007,0.00007,0.00005,0.00005,0.00005,0.00004,1
Pakistan,1.84612,1.79929,1.81339,1.91194,1.96634,2.13909,2.38416,2.48149,2.47811,2.50371,2.55969,2.56099,177406854514,173149
Papua New Guinea,0.04557,0.04578,0.06074,0.06931,0.06853,0.06962,0.07245,0.07309,0.08396,0.05778,0.05858,NA,9480047958,6859
Philippines,1.13956,1.12599,1.14734,1.18464,1.21389,1.2158,1.20589,1.17952,1.20299,1.14336,1.21734,1.26787,199589447424,93444
Samoa,0.00234,0.00248,0.0027,0.00263,0.00265,0.00279,0.00275,0.00281,0.00282,0.00286,0.00287,NA,572160378,186
Singapore,1.52664,1.62081,1.60212,1.69219,1.90294,2.03676,2.08333,2.26036,2.53059,2.89374,3.37195,3.09746,217200123752,5079
Solomon Islands,0.0025,0.00251,0.0026,0.0026,0.00267,0.00294,0.00273,0.00303,0.00294,0.00273,0.003,0.00307,678625481,526
Sri Lanka,0.18938,0.18644,0.18871,0.20061,0.19925,0.2195,0.21647,0.22235,0.22215,0.22402,0.22781,NA,49567521669,20759
Taiwan,3.80833,3.85665,4.09014,4.2601,4.39973,4.435,4.56696,4.61181,4.56075,4.49634,4.82987,NA
Thailand,2.57173,2.69236,2.93221,3.20772,3.44176,3.65174,3.70545,3.83697,3.95005,4.05101,4.32479,4.44471,318907930075,66402
Timor-Leste (East Timor),--,--,--,0.0023,0.0025,0.00249,0.00254,0.00462,0.00479,0.00262,0.00262,0.0027,934300000,1079
Tonga,0.00187,0.00178,0.00159,0.00159,0.00171,0.00208,0.00246,0.00252,0.00253,0.00252,0.00252,0.00252,369212477,104
U.S. Pacific Islands,0.0044,0.00442,0.00434,0.00434,0.00431,0.00432,0.00442,0.0045,0.00507,0.00441,0.00513,NA
Vanuatu,0.00118,0.00118,0.00127,0.00127,0.00131,0.0014,0.00136,0.00158,0.00143,0.00175,0.00175,0.00209,700804045,236
Vietnam,0.73608,0.81314,0.90187,0.97817,1.06511,1.17323,1.30862,1.4182,1.63544,1.67657,1.86492,NA,115931749904
Wake Island,0.0187,0.01875,0.01907,0.01907,0.01896,0.01888,0.01937,0.01986,0.01888,0.01932,0.01916,0.019
World,400.07194,402.27059,412.21126,425.87377,444.69444,459.29216,470.14802,482.86461,490.6727,487.58009,510.55101,NA,64081876752375
